{"stats":{"minecraft:picked_up":{"minecraft:porkchop":3},"minecraft:used":{"cataclysm:chiseled_stone_brick_pillar":1,"ribbits:ribbit_gardener_spawn_egg":1,"ribbits:ribbit_fisherman_spawn_egg":3,"slashblade:slashblade":11,"ribbits:ribbit_nitwit_spawn_egg":40,"minecraft:bell":1,"minecraft:stone_brick_stairs":1},"minecraft:custom":{"minecraft:time_since_rest":35530,"minecraft:crouch_one_cm":2795,"minecraft:play_time":35530,"minecraft:sprint_one_cm":101768,"minecraft:walk_one_cm":101230,"minecraft:sneak_time":611,"minecraft:mob_kills":49,"minecraft:jump":278,"minecraft:damage_dealt":229,"minecraft:leave_game":2,"minecraft:time_since_death":35530,"minecraft:total_world_time":35530,"minecraft:fly_one_cm":172496,"minecraft:player_kills":1},"minecraft:killed":{"minecraft:cat":1,"minecraft:pig":3,"minecraft:villager":2,"ribbits:ribbit":43}},"DataVersion":3465}