{"stats":{"minecraft:picked_up":{"minecraft:leather":1,"minecraft:wheat_seeds":1,"minecraft:beef":1},"minecraft:killed":{"minecraft:cow":2},"minecraft:mined":{"minecraft:tall_grass":6,"minecraft:grass":10},"minecraft:custom":{"minecraft:jump":62,"minecraft:time_since_rest":5314,"minecraft:damage_dealt":227,"minecraft:crouch_one_cm":34,"minecraft:sprint_one_cm":26351,"minecraft:play_time":5314,"minecraft:time_since_death":5314,"minecraft:walk_one_cm":17509,"minecraft:sneak_time":3,"minecraft:total_world_time":5314,"minecraft:mob_kills":2,"minecraft:fall_one_cm":1463,"minecraft:fly_one_cm":18326},"minecraft:used":{"slashblade:slashblade":11}},"DataVersion":3465}