{"stats":{"minecraft:picked_up":{"minecraft:porkchop":3},"minecraft:used":{"slashblade:slashblade":11,"ribbits:ribbit_nitwit_spawn_egg":21,"ribbits:ribbit_fisherman_spawn_egg":2,"minecraft:bell":1,"cataclysm:chiseled_stone_brick_pillar":1,"minecraft:stone_brick_stairs":1},"minecraft:custom":{"minecraft:jump":169,"minecraft:time_since_rest":20577,"minecraft:damage_dealt":229,"minecraft:crouch_one_cm":2795,"minecraft:leave_game":1,"minecraft:sprint_one_cm":86394,"minecraft:play_time":20577,"minecraft:time_since_death":20577,"minecraft:walk_one_cm":62898,"minecraft:sneak_time":552,"minecraft:total_world_time":20577,"minecraft:mob_kills":23,"minecraft:fly_one_cm":145664,"minecraft:player_kills":1},"minecraft:killed":{"minecraft:pig":3,"minecraft:villager":1,"ribbits:ribbit":19}},"DataVersion":3465}