{"stats":{"minecraft:picked_up":{"bakery:linzer_tart_slice":3,"bakery:misslilitu_biscuit":3,"bakery:strawberry_glazed_cookie":3,"bakery:sweetberry_cupcake":3,"bakery:chocolate_gateau_slice":3,"bakery:jam_roll":3,"bakery:cake_display":4},"minecraft:used":{"bakery:cake_display":4,"bakery:sweetberry_cupcake":2,"bakery:misslilitu_biscuit":2},"minecraft:custom":{"minecraft:time_since_rest":107,"minecraft:crouch_one_cm":537,"minecraft:play_time":3440,"minecraft:sprint_one_cm":21993,"minecraft:walk_one_cm":10573,"minecraft:damage_taken":440,"minecraft:deaths":1,"minecraft:sneak_time":105,"minecraft:drop":1,"minecraft:jump":101,"minecraft:leave_game":1,"minecraft:time_since_death":78,"minecraft:total_world_time":3440,"minecraft:fall_one_cm":5051,"minecraft:fly_one_cm":28093},"minecraft:mined":{"bakery:cake_display":4},"minecraft:killed_by":{"minecraft:player":1},"minecraft:dropped":{"gravestone:obituary":1}},"DataVersion":3465}