{
  "minecraft:recipes/combat/leather_helmet": {
    "criteria": {
      "has_leather": "2024-10-11 21:27:59 +0000"
    },
    "done": true
  },
  "slashblade_addon:recipes/combat/slashblade_tofu_metal": {
    "criteria": {
      "has_slashblade_wood": "2024-10-11 21:27:34 +0000"
    },
    "done": true
  },
  "refurbished_furniture:recipes/misc/spatula": {
    "criteria": {
      "has_leather": "2024-10-11 21:27:59 +0000"
    },
    "done": true
  },
  "slashblade:material/proudsoul_tiny": {
    "criteria": {
      "BrokenBlade": "2024-10-11 21:25:32 +0000"
    },
    "done": true
  },
  "slashblade:recipes/combat/slashblade_bamboo": {
    "criteria": {
      "has_slashblade_wood": "2024-10-11 21:27:34 +0000"
    },
    "done": true
  },
  "minecraft:recipes/combat/leather_chestplate": {
    "criteria": {
      "has_leather": "2024-10-11 21:27:59 +0000"
    },
    "done": true
  },
  "minecraft:recipes/decorations/crafting_table": {
    "criteria": {
      "unlock_right_away": "2024-10-11 21:24:24 +0000"
    },
    "done": true
  },
  "beautify:progression/root": {
    "criteria": {
      "Install": "2024-10-11 21:24:24 +0000"
    },
    "done": true
  },
  "mowziesmobs:root": {
    "criteria": {
      "custom_test_name": "2024-10-11 21:24:24 +0000"
    },
    "done": true
  },
  "slashblade:recipes/combat/orotiagito_sealed": {
    "criteria": {
      "has_proudsoul": "2024-10-11 21:27:34 +0000"
    },
    "done": true
  },
  "slashblade_addon:recipes/combat/snow_crow": {
    "criteria": {
      "has_slashblade": "2024-10-11 21:27:48 +0000"
    },
    "done": true
  },
  "minecraft:recipes/misc/leather_horse_armor": {
    "criteria": {
      "has_leather": "2024-10-11 21:27:59 +0000"
    },
    "done": true
  },
  "slashblade:recipes/combat/yuzukitukumo": {
    "criteria": {
      "has_slashblade": "2024-10-11 21:27:48 +0000"
    },
    "done": true
  },
  "irons_spellbooks:grant_patchouli": {
    "criteria": {
      "tick": "2024-10-11 21:24:24 +0000"
    },
    "done": true
  },
  "slashblade:recipes/combat/muramasa": {
    "criteria": {
      "has_slashblade": "2024-10-11 21:27:48 +0000"
    },
    "done": true
  },
  "sophisticatedbackpacks:recipes/misc/backpack": {
    "criteria": {
      "has_leather": "2024-10-11 21:27:59 +0000"
    },
    "done": true
  },
  "minecraft:recipes/food/cooked_beef_from_smoking": {
    "criteria": {
      "has_beef": "2024-10-11 21:27:59 +0000"
    },
    "done": true
  },
  "slashblade_addon:recipes/combat/nihilul": {
    "criteria": {
      "has_slashblade": "2024-10-11 21:27:48 +0000"
    },
    "done": true
  },
  "refurbished_furniture:recipes/misc/constructing/frying_pan": {
    "criteria": {
      "has_leather": "2024-10-11 21:27:59 +0000"
    },
    "done": true
  },
  "slashblade_addon:recipes/combat/frosty_cherry": {
    "criteria": {
      "has_slashblade": "2024-10-11 21:27:48 +0000"
    },
    "done": true
  },
  "minecraft:recipes/decorations/item_frame": {
    "criteria": {
      "has_leather": "2024-10-11 21:27:59 +0000"
    },
    "done": true
  },
  "the_bumblezone:root": {
    "criteria": {
      "instant_granted": "2024-10-11 21:24:24 +0000"
    },
    "done": true
  },
  "farmersdelight:recipes/cooking/pasta_with_meatballs": {
    "criteria": {
      "has_any_ingredient": "2024-10-11 21:27:59 +0000"
    },
    "done": true
  },
  "slashblade_addon:recipes/combat/nihilex": {
    "criteria": {
      "has_slashblade": "2024-10-11 21:27:48 +0000"
    },
    "done": true
  },
  "bakery:main/root": {
    "criteria": {
      "seeds": "2024-10-11 21:25:32 +0000"
    },
    "done": true
  },
  "slashblade_addon:recipes/combat/nihilbx": {
    "criteria": {
      "has_slashblade": "2024-10-11 21:27:48 +0000"
    },
    "done": true
  },
  "minecraft:adventure/root": {
    "criteria": {
      "killed_something": "2024-10-11 21:27:58 +0000"
    },
    "done": true
  },
  "minecraft:recipes/combat/leather_boots": {
    "criteria": {
      "has_leather": "2024-10-11 21:27:59 +0000"
    },
    "done": true
  },
  "slashblade:recipes/combat/agito": {
    "criteria": {
      "has_proudsoul": "2024-10-11 21:27:34 +0000"
    },
    "done": true
  },
  "slashblade_addon:recipes/combat/laemmle": {
    "criteria": {
      "has_slashblade": "2024-10-11 21:27:48 +0000"
    },
    "done": true
  },
  "slashblade_addon:recipes/combat/moonlight_cherry": {
    "criteria": {
      "has_slashblade": "2024-10-11 21:27:48 +0000"
    },
    "done": true
  },
  "minecraft:recipes/food/cooked_beef": {
    "criteria": {
      "has_beef": "2024-10-11 21:27:59 +0000"
    },
    "done": true
  },
  "slashblade:arts/combo_a": {
    "criteria": {
      "customtrigger": "2024-10-11 21:27:57 +0000"
    },
    "done": true
  },
  "minecraft:recipes/combat/leather_leggings": {
    "criteria": {
      "has_leather": "2024-10-11 21:27:59 +0000"
    },
    "done": true
  },
  "slashblade:movesets": {
    "criteria": {
      "crafting": "2024-10-11 21:25:32 +0000"
    },
    "done": true
  },
  "bakery:recipes/oat_seeds": {
    "criteria": {
      "has_wheat_seeds": "2024-10-11 21:26:59 +0000"
    },
    "done": true
  },
  "slashblade_addon:recipes/combat/nihil": {
    "criteria": {
      "has_slashblade": "2024-10-11 21:27:48 +0000"
    },
    "done": true
  },
  "slashblade_addon:recipes/combat/green_mist": {
    "criteria": {
      "has_slashblade": "2024-10-11 21:27:48 +0000"
    },
    "done": true
  },
  "slashblade:recipes/combat/tagayasan": {
    "criteria": {
      "has_slashblade_wood": "2024-10-11 21:27:34 +0000"
    },
    "done": true
  },
  "refurbished_furniture:recipes/misc/knife": {
    "criteria": {
      "has_leather": "2024-10-11 21:27:59 +0000"
    },
    "done": true
  },
  "slashblade_addon:recipes/combat/aquablaze": {
    "criteria": {
      "has_slashblade": "2024-10-11 21:27:48 +0000"
    },
    "done": true
  },
  "cataclysm:root": {
    "criteria": {
      "custom_test_name": "2024-10-11 21:24:24 +0000"
    },
    "done": true
  },
  "slashblade:root": {
    "criteria": {
      "attackTheEntity": "2024-10-11 21:25:32 +0000"
    },
    "done": true
  },
  "vinery:main/root": {
    "criteria": {
      "seeds": "2024-10-11 21:25:32 +0000"
    },
    "done": true
  },
  "slashblade_addon:recipes/combat/crimsoncherry": {
    "criteria": {
      "has_slashblade": "2024-10-11 21:27:48 +0000"
    },
    "done": true
  },
  "slashblade:recipes/combat/slashblade_white": {
    "criteria": {
      "has_slashblade_wood": "2024-10-11 21:27:34 +0000"
    },
    "done": true
  },
  "refurbished_furniture:recipes/misc/wrench": {
    "criteria": {
      "has_leather": "2024-10-11 21:27:59 +0000"
    },
    "done": true
  },
  "slashblade_addon:recipes/combat/yukari": {
    "criteria": {
      "has_slashblade": "2024-10-11 21:27:48 +0000"
    },
    "done": true
  },
  "slashblade_addon:recipes/combat/fluorescent_bar": {
    "criteria": {
      "has_proudsoul": "2024-10-11 21:27:34 +0000"
    },
    "done": true
  },
  "farmersdelight:recipes/cooking/beef_stew": {
    "criteria": {
      "has_any_ingredient": "2024-10-11 21:27:59 +0000"
    },
    "done": true
  },
  "farmersdelight:main/root": {
    "criteria": {
      "seeds": "2024-10-11 21:25:32 +0000"
    },
    "done": true
  },
  "slashblade:blade/s_wood": {
    "criteria": {
      "crafting": "2024-10-11 21:27:34 +0000"
    },
    "done": true
  },
  "sophisticatedbackpacks:recipes/misc/upgrade_base": {
    "criteria": {
      "has_leather": "2024-10-11 21:27:59 +0000"
    },
    "done": true
  },
  "the_bumblezone:wiki": {
    "criteria": {
      "instant_granted": "2024-10-11 21:24:24 +0000"
    },
    "done": true
  },
  "slashblade_addon:recipes/combat/slashblade_tofu_ishi": {
    "criteria": {
      "has_slashblade_wood": "2024-10-11 21:27:34 +0000"
    },
    "done": true
  },
  "minecraft:adventure/adventuring_time": {
    "criteria": {
      "minecraft:plains": "2024-10-11 21:24:26 +0000"
    },
    "done": false
  },
  "minecraft:recipes/food/cooked_beef_from_campfire_cooking": {
    "criteria": {
      "has_beef": "2024-10-11 21:27:59 +0000"
    },
    "done": true
  },
  "slashblade_addon:recipes/combat/frost_wolf": {
    "criteria": {
      "has_slashblade": "2024-10-11 21:27:48 +0000"
    },
    "done": true
  },
  "DataVersion": 3465
}